motif_id	motif_alt_id	sequence_name	start	stop	strand	score	p-value	q-value	matched_sequence
ABRGYGCCMCCTRGTGGYVR	MEME-1	chr19	9082630	9082649	+	24.8072	5.02e-10	5.64e-05	ACACTGCCCCCTGGTGGCCA
ABRGYGCCMCCTRGTGGYVR	MEME-1	chr19	43959333	43959352	+	24.4096	9.39e-10	5.64e-05	AGAGCGCCACCTAGTGGTGG
ABRGYGCCMCCTRGTGGYVR	MEME-1	chr19	10198978	10198997	+	24.0241	1.63e-09	6.52e-05	ACAGCGCCACCTTGTGGTCA
ABRGYGCCMCCTRGTGGYVR	MEME-1	chr19	46991343	46991362	+	23.6506	2.71e-09	8.13e-05	ACACTGCCCCCTAGTGGTAA
ABRGYGCCMCCTRGTGGYVR	MEME-1	chr19	44887865	44887884	+	23.4337	3.55e-09	8.54e-05	AGGGCGCCCCCTGCTGGACA
ABRGYGCCMCCTRGTGGYVR	MEME-1	chr19	6268299	6268318	-	23.2169	4.63e-09	9.26e-05	TGGGTGCCCCCTGGTGGCGA
ABRGYGCCMCCTRGTGGYVR	MEME-1	chr19	5568364	5568383	+	22.9277	6.51e-09	0.000112	TGGGCGCCCTCTAGTGGCCG
ABRGYGCCMCCTRGTGGYVR	MEME-1	chr19	24271966	24271985	+	22.5663	9.7e-09	0.000126	AGCCTGCCACCTGGTGGCCA
ABRGYGCCMCCTRGTGGYVR	MEME-1	chr19	59239628	59239647	-	22.5542	9.83e-09	0.000126	GGCGCGCCACCTGGTGGCCA
ABRGYGCCMCCTRGTGGYVR	MEME-1	chr19	10449910	10449929	-	22.241	1.37e-08	0.000126	CTGGTGCCACCTGGTGGTAG
ABRGYGCCMCCTRGTGGYVR	MEME-1	chr19	10502774	10502793	+	22.2169	1.4e-08	0.000126	ATAGTGCCCTCTTGTGGCAG
ABRGYGCCMCCTRGTGGYVR	MEME-1	chr19	21747591	21747610	+	22.2169	1.4e-08	0.000126	AGGGCGCCCTCTGCTGGTAG
ABRGYGCCMCCTRGTGGYVR	MEME-1	chr19	10033811	10033830	+	22.1928	1.44e-08	0.000126	TGAGTGCCCCCTAGTGGTCT
ABRGYGCCMCCTRGTGGYVR	MEME-1	chr19	4099197	4099216	-	22.1687	1.47e-08	0.000126	ACGCTGCCCCCTGGTGGCAC
ABRGYGCCMCCTRGTGGYVR	MEME-1	chr19	47882654	47882673	-	22.012	1.73e-08	0.000138	GGGGCTCCCCCTGGTGGCCA
ABRGYGCCMCCTRGTGGYVR	MEME-1	chr19	46588040	46588059	-	21.9157	1.9e-08	0.000143	CTGCTGCCCTCTGGTGGTCA
ABRGYGCCMCCTRGTGGYVR	MEME-1	chr19	5338156	5338175	-	21.7711	2.19e-08	0.000155	ATATCGCCACCTGGTGGCTA
ABRGYGCCMCCTRGTGGYVR	MEME-1	chr19	53648905	53648924	-	21.253	3.58e-08	0.000239	AGGGCTCCCTCTAGTGGCTA
ABRGYGCCMCCTRGTGGYVR	MEME-1	chr19	5488008	5488027	+	21.1084	4.08e-08	0.000245	GTGGCGCCCCCTGCTGGCTG
ABRGYGCCMCCTRGTGGYVR	MEME-1	chr19	29253969	29253988	+	21.1084	4.08e-08	0.000245	GTGCTGCCCCCTGGTGGTTA
ABRGYGCCMCCTRGTGGYVR	MEME-1	chr19	47168400	47168419	+	21	4.5e-08	0.000248	CTACTGCCCTCTAGTGGTAG
ABRGYGCCMCCTRGTGGYVR	MEME-1	chr19	37704093	37704112	-	20.9157	4.86e-08	0.000248	AGCCCGCCCCCTTGTGGACA
ABRGYGCCMCCTRGTGGYVR	MEME-1	chr19	6489164	6489183	-	20.8916	4.96e-08	0.000248	CGCCTGCCCCCTTGTGGCCA
ABRGYGCCMCCTRGTGGYVR	MEME-1	chr19	24284435	24284454	-	20.8916	4.96e-08	0.000248	CTACTGCCACCTAGTGGTTG
ABRGYGCCMCCTRGTGGYVR	MEME-1	chr19	10034956	10034975	+	20.759	5.58e-08	0.000254	CCAGCACCCCCTTGTGGCCA
ABRGYGCCMCCTRGTGGYVR	MEME-1	chr19	41442789	41442808	-	20.747	5.64e-08	0.000254	ACAGCGCCTCCTACTGGTGA
ABRGYGCCMCCTRGTGGYVR	MEME-1	chr19	10341328	10341347	-	20.7349	5.7e-08	0.000254	CTGGCGCCTCCTAGTGGACA
ABRGYGCCMCCTRGTGGYVR	MEME-1	chr19	5965432	5965451	-	20.6024	6.4e-08	0.000271	TTGCTGCCACCTGGTGGCTA
ABRGYGCCMCCTRGTGGYVR	MEME-1	chr19	60892357	60892376	+	20.5783	6.53e-08	0.000271	AGCCTGCCACCTAGTGGTGG
ABRGYGCCMCCTRGTGGYVR	MEME-1	chr19	5529508	5529527	-	20.506	6.96e-08	0.000273	GCGGCGCCCTCTGCTGGTCG
ABRGYGCCMCCTRGTGGYVR	MEME-1	chr19	45220732	45220751	-	20.494	7.03e-08	0.000273	AGAGCTCCCTCTGCTGGTCG
ABRGYGCCMCCTRGTGGYVR	MEME-1	chr19	6262400	6262419	-	20.4217	7.48e-08	0.000281	GTGGCGCCTCCTGGTGGCAG
ABRGYGCCMCCTRGTGGYVR	MEME-1	chr19	42166346	42166365	+	20.2771	8.46e-08	0.000308	AGTGCGCCCCCTCGTGGCAG
ABRGYGCCMCCTRGTGGYVR	MEME-1	chr19	45746530	45746549	-	20.2289	8.81e-08	0.000311	CTAGCGCCCTCTGGTGGGCG
ABRGYGCCMCCTRGTGGYVR	MEME-1	chr19	42190686	42190705	-	20.0482	1.02e-07	0.000342	ATTCTGCCCTCTGGTGGACA
ABRGYGCCMCCTRGTGGYVR	MEME-1	chr19	10603017	10603036	+	20.0482	1.02e-07	0.000342	CTGGCGCCACCTAGTGATCG
ABRGYGCCMCCTRGTGGYVR	MEME-1	chr19	58904218	58904237	+	19.9759	1.09e-07	0.000351	ACACCGCCCTCTTGTGGTGC
ABRGYGCCMCCTRGTGGYVR	MEME-1	chr19	55206945	55206964	+	19.9518	1.11e-07	0.000351	AGCCTGCCATCTAGTGGCTA
ABRGYGCCMCCTRGTGGYVR	MEME-1	chr19	4755729	4755748	-	19.7831	1.27e-07	0.00039	AGGGCACCTCCTGGTGGCAA
ABRGYGCCMCCTRGTGGYVR	MEME-1	chr19	56201198	56201217	+	19.759	1.3e-07	0.00039	ACAGCGCCCTCTGGTGTTGG
ABRGYGCCMCCTRGTGGYVR	MEME-1	chr19	24301078	24301097	-	19.6867	1.38e-07	0.000398	CTGCTGCCACCTACTGGTGA
ABRGYGCCMCCTRGTGGYVR	MEME-1	chr19	5568978	5568997	+	19.6747	1.39e-07	0.000398	ACAGCGCCATCTACAGGCCA
ABRGYGCCMCCTRGTGGYVR	MEME-1	chr19	55198522	55198541	+	19.5422	1.55e-07	0.000432	ACAGCACCATCTAGTGGCGG
ABRGYGCCMCCTRGTGGYVR	MEME-1	chr19	41291406	41291425	-	19.4217	1.7e-07	0.000465	CCACTGCCCTCTTCTGGCCA
ABRGYGCCMCCTRGTGGYVR	MEME-1	chr19	56255724	56255743	+	19.3614	1.78e-07	0.000476	TTACTGCCCTCTTGTGGTAA
ABRGYGCCMCCTRGTGGYVR	MEME-1	chr19	46444424	46444443	+	19.2892	1.89e-07	0.000493	ACGGTGCCACCTACTGGACT
ABRGYGCCMCCTRGTGGYVR	MEME-1	chr19	24301542	24301561	-	18.8313	2.68e-07	0.000686	CTAGTGCCCTCTTCTGGCCT
ABRGYGCCMCCTRGTGGYVR	MEME-1	chr19	46014767	46014786	+	18.747	2.86e-07	0.000715	CTGGCGCCTCCTGGTGGGCA
ABRGYGCCMCCTRGTGGYVR	MEME-1	chr19	40545056	40545075	+	18.6506	3.07e-07	0.000753	AGACTGCCCTCTAGTGTTAG
ABRGYGCCMCCTRGTGGYVR	MEME-1	chr19	44487421	44487440	-	18.5904	3.21e-07	0.000772	AGAGCGCACCCTAGTGGTAT
ABRGYGCCMCCTRGTGGYVR	MEME-1	chr19	6577301	6577320	+	18.5422	3.33e-07	0.000781	GCTTCGCCACCTGGTGGTCA
ABRGYGCCMCCTRGTGGYVR	MEME-1	chr19	4228499	4228518	+	18.4819	3.48e-07	0.000781	AGTCTGACACCTGGTGGCCA
ABRGYGCCMCCTRGTGGYVR	MEME-1	chr19	5529422	5529441	-	18.4699	3.51e-07	0.000781	ATCCTGCCCTCTGCTGGACA
ABRGYGCCMCCTRGTGGYVR	MEME-1	chr19	59239672	59239691	-	18.4699	3.51e-07	0.000781	AATGCGCCACCTGCTGGCCC
ABRGYGCCMCCTRGTGGYVR	MEME-1	chr19	56422682	56422701	-	18.3855	3.73e-07	0.000801	GCTCTGCCATCTAGTGGTCA
ABRGYGCCMCCTRGTGGYVR	MEME-1	chr19	57329073	57329092	+	18.3855	3.73e-07	0.000801	ATAGCGCCACCTAGTGTAAC
ABRGYGCCMCCTRGTGGYVR	MEME-1	chr19	40345844	40345863	+	18.1325	4.48e-07	0.000945	CTAGCGCCACCTACAGGCCT
ABRGYGCCMCCTRGTGGYVR	MEME-1	chr19	5053973	5053992	+	18.0602	4.72e-07	0.000978	ACAGCGCCGCCTGCCGGCCA
ABRGYGCCMCCTRGTGGYVR	MEME-1	chr19	40343200	40343219	-	17.988	4.97e-07	0.000995	TGAGCGCCACCTAGGGGCAG
ABRGYGCCMCCTRGTGGYVR	MEME-1	chr19	43479068	43479087	+	17.988	4.97e-07	0.000995	TTTGCGCCCCCTAGAGGACA
ABRGYGCCMCCTRGTGGYVR	MEME-1	chr19	15802036	15802055	+	17.9036	5.27e-07	0.00103	ACACCGCCATCTATTGGTCA
ABRGYGCCMCCTRGTGGYVR	MEME-1	chr19	16599476	16599495	+	17.8675	5.41e-07	0.00103	GTAGTGCCCTCTAGTGATAG
ABRGYGCCMCCTRGTGGYVR	MEME-1	chr19	45074342	45074361	-	17.8675	5.41e-07	0.00103	CGAGCGCCCTCTGGTGGGTT
ABRGYGCCMCCTRGTGGYVR	MEME-1	chr19	6304980	6304999	+	17.8072	5.64e-07	0.00106	CTGGCGCCTCCTTGTGGCTT
ABRGYGCCMCCTRGTGGYVR	MEME-1	chr19	5728001	5728020	+	17.7831	5.74e-07	0.00106	TGGGCGCCACCTGCCGGCAG
ABRGYGCCMCCTRGTGGYVR	MEME-1	chr19	27780175	27780194	-	17.6627	6.24e-07	0.00114	ACAGCGCCACCTACTGACGT
ABRGYGCCMCCTRGTGGYVR	MEME-1	chr19	43496030	43496049	-	17.6145	6.45e-07	0.00115	ACTCTGCCATCTTGTGGTTA
ABRGYGCCMCCTRGTGGYVR	MEME-1	chr19	41071751	41071770	-	17.6024	6.5e-07	0.00115	GCAGCGCCCCCTGCTGTCTG
ABRGYGCCMCCTRGTGGYVR	MEME-1	chr19	55218354	55218373	+	17.494	7e-07	0.00121	CCAGCGCCCTCTTCTGGGCA
ABRGYGCCMCCTRGTGGYVR	MEME-1	chr19	47507279	47507298	-	17.4819	7.06e-07	0.00121	AGGTCGGCCCCTAGTGGCTG
ABRGYGCCMCCTRGTGGYVR	MEME-1	chr19	18687775	18687794	-	17.241	8.32e-07	0.00139	TGGCTGACCCCTAGTGGTAG
ABRGYGCCMCCTRGTGGYVR	MEME-1	chr19	40391659	40391678	-	17.241	8.32e-07	0.00139	TGCGCTCCCTCTAGTGGCTG
ABRGYGCCMCCTRGTGGYVR	MEME-1	chr19	10000515	10000534	-	16.8795	1.06e-06	0.00174	ATGGTGACCTCTAGTGACCA
ABRGYGCCMCCTRGTGGYVR	MEME-1	chr19	41071691	41071710	-	16.7831	1.13e-06	0.00183	GCAGCGCCACCTGCTGTCTG
ABRGYGCCMCCTRGTGGYVR	MEME-1	chr19	55332791	55332810	+	16.7108	1.18e-06	0.00189	CTAGCACCATCTTGTGGTTG
ABRGYGCCMCCTRGTGGYVR	MEME-1	chr19	55218621	55218640	-	16.6265	1.25e-06	0.00197	TATGCGCCACCTACTGGTGA
ABRGYGCCMCCTRGTGGYVR	MEME-1	chr19	17364935	17364954	+	16.4578	1.39e-06	0.00217	AGGGCGTCCTCTGCTGGTAA
ABRGYGCCMCCTRGTGGYVR	MEME-1	chr19	41656166	41656185	-	16.4337	1.41e-06	0.00217	CTGGCACACCCTAGTGGCCA
ABRGYGCCMCCTRGTGGYVR	MEME-1	chr19	42026334	42026353	+	16.3012	1.53e-06	0.00233	CTACTGCCCTCTGCCGGCCC
ABRGYGCCMCCTRGTGGYVR	MEME-1	chr19	10665619	10665638	-	16.253	1.58e-06	0.00234	GTGCTGACACCTGCTGGCCA
ABRGYGCCMCCTRGTGGYVR	MEME-1	chr19	44363697	44363716	-	16.2289	1.6e-06	0.00234	GTGCTGCCCCCTGCAGGACA
ABRGYGCCMCCTRGTGGYVR	MEME-1	chr19	44474306	44474325	+	16.2289	1.6e-06	0.00234	GTGCTGCCCCCTGCAGGACA
ABRGYGCCMCCTRGTGGYVR	MEME-1	chr19	7064754	7064773	-	16.2169	1.62e-06	0.00234	CAGGCTCCCCCTGCTGGCAC
ABRGYGCCMCCTRGTGGYVR	MEME-1	chr19	7264274	7264293	-	16.1687	1.67e-06	0.00238	GCTGCGCCCTCTAGCGGTGG
ABRGYGCCMCCTRGTGGYVR	MEME-1	chr19	55206820	55206839	+	16.0723	1.77e-06	0.0025	ATGCTTCCATCTGGAGGTCA
ABRGYGCCMCCTRGTGGYVR	MEME-1	chr19	5956839	5956858	+	16.0241	1.82e-06	0.00255	AGGGCTCCCCCTGTTGGTGC
ABRGYGCCMCCTRGTGGYVR	MEME-1	chr19	56423193	56423212	-	15.9759	1.88e-06	0.00259	CCAGCGCCCCCTGGCGATGC
ABRGYGCCMCCTRGTGGYVR	MEME-1	chr19	43571156	43571175	-	15.8916	1.98e-06	0.0027	AAGGCTCCCCCTGGAGGCCT
ABRGYGCCMCCTRGTGGYVR	MEME-1	chr19	6018322	6018341	+	15.7108	2.21e-06	0.00298	ctggcgccctcttccggcct
ABRGYGCCMCCTRGTGGYVR	MEME-1	chr19	4000244	4000263	-	15.6747	2.26e-06	0.00302	AGAGCGCCACCTAAAGGAAA
ABRGYGCCMCCTRGTGGYVR	MEME-1	chr19	42272476	42272495	+	15.1446	3.1e-06	0.00409	CGAGTGCCGCCAAGTGGTGG
ABRGYGCCMCCTRGTGGYVR	MEME-1	chr19	10908100	10908119	-	15.0723	3.23e-06	0.00422	TTAGCACCGCCTGCTGGCTA
ABRGYGCCMCCTRGTGGYVR	MEME-1	chr19	47169198	47169217	+	14.6988	4.01e-06	0.00518	ccggtgccctctcctggctt
ABRGYGCCMCCTRGTGGYVR	MEME-1	chr19	45574032	45574051	+	14.4699	4.57e-06	0.00584	CCAGTGGCACCCAGTGGCGG
ABRGYGCCMCCTRGTGGYVR	MEME-1	chr19	45574191	45574210	+	14.3253	4.96e-06	0.00627	GCCCTGCCCCCTGCAGGTCC
ABRGYGCCMCCTRGTGGYVR	MEME-1	chr19	24871475	24871494	+	14.2771	5.09e-06	0.00637	ACAGCGCCACCTAAAGGAGG
ABRGYGCCMCCTRGTGGYVR	MEME-1	chr19	4012921	4012940	+	14.2169	5.27e-06	0.00652	GTGTCGCCCTCTGCTGGATC
ABRGYGCCMCCTRGTGGYVR	MEME-1	chr19	44562724	44562743	-	14.1566	5.44e-06	0.00668	GGAGCGCTCCCTAGCGGTGA
ABRGYGCCMCCTRGTGGYVR	MEME-1	chr19	9991505	9991524	+	14.0361	5.82e-06	0.00706	AGCACTCCCCCTGCTGGCTG
ABRGYGCCMCCTRGTGGYVR	MEME-1	chr19	15649575	15649594	+	13.9639	6.05e-06	0.00728	acagcgacaccatgtggtag
ABRGYGCCMCCTRGTGGYVR	MEME-1	chr19	41244729	41244748	+	13.8193	6.55e-06	0.00779	CCACTGCCCCCTAGCGTTGC
ABRGYGCCMCCTRGTGGYVR	MEME-1	chr19	44582792	44582811	-	13.7711	6.72e-06	0.00792	AGTGCGCCACGCTGTGGCCA
ABRGYGCCMCCTRGTGGYVR	MEME-1	chr19	44295940	44295959	+	13.6386	7.22e-06	0.00843	GTGCTGCCCCCTAGCGACAC
ABRGYGCCMCCTRGTGGYVR	MEME-1	chr19	10709520	10709539	+	13.494	7.8e-06	0.00902	TGAGCCCCCTCTGCTGGTGC
ABRGYGCCMCCTRGTGGYVR	MEME-1	chr19	47674603	47674622	+	13.3133	8.59e-06	0.00983	ctactgccccccgcaggcac
ABRGYGCCMCCTRGTGGYVR	MEME-1	chr19	44487638	44487657	-	12.8072	1.12e-05	0.0127	AGAGCTGACCCTAGTGGTAG
ABRGYGCCMCCTRGTGGYVR	MEME-1	chr19	10060031	10060050	+	12.3976	1.38e-05	0.0155	CATGCTGCCCCTAGTGGTAG
ABRGYGCCMCCTRGTGGYVR	MEME-1	chr19	45573974	45573993	-	12.3012	1.44e-05	0.0161	ACAGCGCCACCTACGGTATA
ABRGYGCCMCCTRGTGGYVR	MEME-1	chr19	45573828	45573847	-	12	1.68e-05	0.0185	ACAGTGACCTCTGGGGGATG
ABRGYGCCMCCTRGTGGYVR	MEME-1	chr19	10449907	10449926	+	11.8795	1.78e-05	0.0194	ATTCTACCACCAGGTGGCAC
ABRGYGCCMCCTRGTGGYVR	MEME-1	chr19	44582876	44582895	-	11.4337	2.2e-05	0.0238	CAGGCTCCCCCAAGTGGGCA
ABRGYGCCMCCTRGTGGYVR	MEME-1	chr19	10486599	10486618	+	11.1205	2.55e-05	0.0274	GTGGCGACATCTAATGGTTG
ABRGYGCCMCCTRGTGGYVR	MEME-1	chr19	37265952	37265971	+	11	2.7e-05	0.0287	TTGTCTCCGCCTCGTGGTCA
ABRGYGCCMCCTRGTGGYVR	MEME-1	chr19	6262397	6262416	+	10.8434	2.9e-05	0.0306	CTCCTGCCACCAGGAGGCGC
ABRGYGCCMCCTRGTGGYVR	MEME-1	chr19	24301297	24301316	-	10.5422	3.33e-05	0.0348	GTGTCACCTCCTAGAGGCCC
ABRGYGCCMCCTRGTGGYVR	MEME-1	chr19	44582759	44582778	+	10.506	3.39e-05	0.0351	AGTGTGCTCCCTTGGGGCGA
ABRGYGCCMCCTRGTGGYVR	MEME-1	chr19	5529642	5529661	+	10.0602	4.14e-05	0.0425	CTAGTGCCCTCTTTTGTTTT
ABRGYGCCMCCTRGTGGYVR	MEME-1	chr19	47882716	47882735	-	9.98795	4.27e-05	0.0432	AGGGCTCCCCCTAGCGTGGT
ABRGYGCCMCCTRGTGGYVR	MEME-1	chr19	5529227	5529246	-	9.96386	4.32e-05	0.0432	CTTCCACCCTCATGTGGTCC
ABRGYGCCMCCTRGTGGYVR	MEME-1	chr19	24272210	24272229	-	9.96386	4.32e-05	0.0432	TCAGCGCCACCCACAGTTAG
ABRGYGCCMCCTRGTGGYVR	MEME-1	chr19	42026412	42026431	+	9.6747	4.9e-05	0.0486	TCACCACCCCCTCATGGCTG
ABRGYGCCMCCTRGTGGYVR	MEME-1	chr19	44582776	44582795	+	9.62651	5e-05	0.0493	CGAGTGGCCCCTGCTGTGGC
ABRGYGCCMCCTRGTGGYVR	MEME-1	chr19	10035152	10035171	-	9.48193	5.32e-05	0.0517	ACAGGGCCTCCTGGAGATGG
ABRGYGCCMCCTRGTGGYVR	MEME-1	chr19	4099194	4099213	+	9.45783	5.38e-05	0.0517	GAGGTGCCACCAGGGGGCAG
ABRGYGCCMCCTRGTGGYVR	MEME-1	chr19	6268296	6268315	+	9.45783	5.38e-05	0.0517	GGATCGCCACCAGGGGGCAC
ABRGYGCCMCCTRGTGGYVR	MEME-1	chr19	6262403	6262422	-	9.42169	5.46e-05	0.0521	AGTGTGGCGCCTCCTGGTGG
ABRGYGCCMCCTRGTGGYVR	MEME-1	chr19	45574022	45574041	+	9.19277	6.02e-05	0.057	ATTCCAGCACCCAGTGGCAC
ABRGYGCCMCCTRGTGGYVR	MEME-1	chr19	56423290	56423309	-	8.89157	6.83e-05	0.0642	CCAGTGACTTCCAGTGTTCA
ABRGYGCCMCCTRGTGGYVR	MEME-1	chr19	17365005	17365024	-	8.84337	6.97e-05	0.0649	ACATTGGCTTCTAGTGTCTG
ABRGYGCCMCCTRGTGGYVR	MEME-1	chr19	4099231	4099250	-	8.78313	7.15e-05	0.0661	ATAGTGCCTCCAGCTGTGAA
ABRGYGCCMCCTRGTGGYVR	MEME-1	chr19	46452741	46452760	-	8.6747	7.48e-05	0.0686	ACCTCACCCCCTACAGGAGT
ABRGYGCCMCCTRGTGGYVR	MEME-1	chr19	42272350	42272369	+	8.55422	7.86e-05	0.0713	CTGGTTCCCTCTGAAGGGCA
ABRGYGCCMCCTRGTGGYVR	MEME-1	chr19	42190568	42190587	+	8.54217	7.9e-05	0.0713	CTGCTGCCTCCAGCTGGGCT
ABRGYGCCMCCTRGTGGYVR	MEME-1	chr19	10709412	10709431	+	8.39759	8.38e-05	0.0751	GGTGTGCCACATGCTGGCCA
ABRGYGCCMCCTRGTGGYVR	MEME-1	chr19	10709270	10709289	-	8.27711	8.8e-05	0.0777	AGGCTGCAGCCTATTGGAAA
ABRGYGCCMCCTRGTGGYVR	MEME-1	chr19	32470336	32470355	-	8.27711	8.8e-05	0.0777	TGTAGGCCACCTAGTGGATG
ABRGYGCCMCCTRGTGGYVR	MEME-1	chr19	4755726	4755745	+	8.08434	9.51e-05	0.0834	TGCTTGCCACCAGGAGGTGC
ABRGYGCCMCCTRGTGGYVR	MEME-1	chr19	10341344	10341363	+	7.98795	9.88e-05	0.0856	CCAGTTCTCCCTGTTGGTAC
ABRGYGCCMCCTRGTGGYVR	MEME-1	chr19	27780129	27780148	-	7.96386	9.97e-05	0.0856	CTACCTACCCCAAGTGACCC
ABRGYGCCMCCTRGTGGYVR	MEME-1	chr19	46444520	46444539	-	7.96386	9.97e-05	0.0856	CCACTGCCACGTGCTGAAAT

# FIMO (Find Individual Motif Occurrences): Version 5.0.5 compiled on Aug  6 2019 at 00:49:24
# The format of this file is described at http://meme-suite.org/doc/fimo-output-format.html.
# fimo --parse-genomic-coord --verbosity 1 --oc meme_results/fimo_out_1 --bgfile meme_results/background --motif ABRGYGCCMCCTRGTGGYVR meme_results/meme_out/meme.xml meme_results/sortedpeaks.fa
